account,token_id,actual_stake,boostType,boostRank,transferred_nft_types
0xa9442a8d6cef7b5e90362623ac463b6c37a92e33,18429,12529.8685,Network_registry,community,[40 26 41 32 38]
0x31ca1c809847d21e0e5fc0a435e1c0ae447cb015,18428,2059.7371,Network_registry,community,[40 41 26]
0xfe9f4e4fc884fbab008947c09c6bd7ecab1d9510,18422,24796.833884337746,Network_registry,community,[26 35]
0xa73662c9920489cd46fde4564e6a553241980345,18421,2156.3166,Network_registry,community,[26]
0x95fde42b9536df6e99093625a71cc13e6bef31a9,18420,2174.2377,Network_registry,community,[26]
0x67fe0f933ac7363bcfb30a507ce4ab604fdbdfc3,18419,2306.5355,Network_registry,community,[41 26 40]
0xb22981ba3fe1de2325935c91a3b717168fb86714,18417,1282.2995999999998,Network_registry,community,[26]
0x90c5fcf198e24708eb57c5ca665daa6ea7c84bc7,18416,2168.264,Network_registry,community,[26]
0x45bddb0763ba8c629c419c46588443735fe3db8d,18415,2168.264,Network_registry,community,[26]
0xf369a3f6507ffcc770dbdccfeee31632de9c0e27,18414,2168.264,Network_registry,community,[26]
0x6a6e0a753c927cbd77c1cf97820a5ad496b74a16,18412,25984.192987108632,Network_registry,community,[26]
0x9bb23cfb422c7c3bb7a8ae827cb0fb4749e66e47,18411,2168.264,Network_registry,community,[26]
0x717cbd24e56ec60911f92a92255ba6ba284d2381,18410,2168.264,Network_registry,community,[26]
0x44643b46350575eb3bf0823b50c7c2bd2788c2f2,18402,10552.4767,Network_registry,community,[26]
0xf6c3a3f411f68bf56eb681bf8b3a25fc3fdcdd42,18401,10545.9914,Network_registry,community,[26]
0x9685081ecbc6c27c3a52f89e306ed798727dba2e,18400,10664.4241,Network_registry,community,[26]
0xef6f8a8c65d2f0b8e5b51c411ec6d65d599f203f,18399,10985.111834168105,Network_registry,community,[26]
0x6709767b2d94de1c894b4c5ef370466bec1498c9,18398,20791.786701469347,Network_registry,community,[26]
0x43bfcadfde1326383789f0eccb48086f26d7bdd7,18396,2509.1257,Network_registry,community,[40 41 26]
0xa70c08f3e86483d5fcbb5c8bcd976bcd794596db,18394,2484.7193,Network_registry,community,[41 26 40]
0x2786fc3e6f1dc4b22c8638b8521ff1c5f1cd9873,18393,2503.4932000000003,Network_registry,community,[26 41]
0x690698f71a1fe7d18e0d06ab23f837b032d36d7b,18392,2218.7186676077827,Network_registry,community,[40 26]
0x9025296d7caa64c10e1f2be2e42c1b966d232378,18391,2440.224,Network_registry,community,[26 40]
0x7427d4839a7e92e91acbf0d05d0f9e68e3a0af95,18390,2220.0537,Network_registry,community,[26 40]
0xd75a27303de07eaa363d55766131daa73ae56b3a,18388,2574.2535,Network_registry,community,[26]
0x7eafb53a104e166e643fe8ce965050bbece725e2,18381,2679.2178,Network_registry,community,[26]
0xc944a66e069d2a5c0eee706555028a36ca062be3,18380,2686.0209,Network_registry,community,[26]
0x6fe0a80e6269fcedc079aa57c203eb9ed2ded48f,18379,2735.0045999999998,Network_registry,community,[26]
0xf4a6789a43ab69265bb97e0776e94919537fdb38,18378,2686.3621,Network_registry,community,[26]
0x17a3e30211ac061c6176a09aeb3bf7e56d368ff3,18374,2958.030654748355,Network_registry,community,[26 40]
0xd1904114df0c0ad06c8c312a57fcfc9de29daa04,18373,2992.2673837599027,Network_registry,community,[26 40]
0x302f8bdc93bc0fdcadd358d8cdfb7a3fdf3e9c1d,18372,2944.551953911229,Network_registry,community,[40 26]
0x66249b437aa74624de85e416091f7c7debb0b1ed,18367,4221.113123096431,Network_registry,community,[40 26]
0x503f4449382febcda13797c2fb40554175249cb1,18057,5083.1918,Network_registry,community,[26 40]
0x532ae13882fa77fe70f444a83c1020f07ea15fb4,18055,3078.7487,Network_registry,community,[41 26]
0xe6ec4cbe4535c0c49fead4542d53a572e5abbb33,18052,3022.1325,Network_registry,community,[26 40]
0x3cec2ec3863a3dc217616779dd2af6f3d4f5e205,18051,3045.7287,Network_registry,community,[26]
0x4a5294ee54ef7efc84970655dd58d9ec540b7202,18050,3368.8192,Network_registry,community,[40 26]
0x8a216a56e44c77858f623fbaa68a040cee9bea97,18048,5690.391972116809,Network_registry,community,[40 26 34]
0xee1401bc875aaf08e761cc9227058ad383c22b77,18047,3044.6618,Network_registry,community,[26]
0x0f980c4362b14eb99a4914aff12c952cab44698e,18046,3016.2090000000003,Network_registry,community,[29 40 26]
0x14e420926f1383331ca099be86fb04dcf177961f,18045,3018.33133094484,Network_registry,community,[26]
0x975cd81f07aebd0b5dffac2330ab99d010c30430,18043,3246.9507,Network_registry,community,[29 40 26 41]
0x57b3593a5ced095a40e8ccfe47ecbcc3dc69e501,18042,3295.8113999999996,Network_registry,community,[26]
0x4319ac8eeadca1cc80aac4a12ead04fe255b892e,18041,3846.1102,Network_registry,community,[40 26]
0x77d05812dacac1a61397728e06c80031e875fe61,18040,3896.7851,Network_registry,community,[26 40]
0xad89335d1fc16c5389fb43d1fdacc943bea1b41b,18039,3296.1102,Network_registry,community,[26]
0x606e8d44189d62ffdc84f8bc601bfead1c8588dc,18038,3251.7773,Network_registry,community,[26 40]
0x2cadf6e2a495deb91f3670171d4d76c15fbd846f,18037,3233.8995,Network_registry,community,[26]
0x2465ae2634950c80a5ea3222fdb060ab552b4c26,18036,3277.0800000000004,Network_registry,community,[26]
0x186f9e31664fe094079746ab59b7b24000588df3,18035,3295.8113999999996,Network_registry,community,[26]
0x730da4dcf123da0248e95904946aadab97dd47ea,18034,5513.133233292425,Network_registry,community,[26 40 34]
0x71078189ff9057e2256525cf9b37edd6fcda720c,18033,5791.8363995670725,Network_registry,community,[40 26 34]
0x378aa43f8a44150fb88ad7f6ce8a0349460f8c12,18032,3252.9721999999997,Network_registry,community,[40 26 41]
0x8e3474526d9018d45e6db3fc174cf9e376b53cfe,18031,2825.1044880543905,Network_registry,community,[26]
0x491c386b324abe99a2c6e90e83850e3e04021796,18030,3181.8314,Network_registry,community,[26 37 41 40]
0x09ad1dc3dd5ebe57adf8f8a1aece103b4f266bf7,18029,4217.053681245577,Network_registry,community,[40 32 41 26]
0x78e87757861185ec5e8c0ef6bf0c69fa7832df6c,18028,5787.079067124038,Network_registry,community,[26 29 40 35]
0x07339ecf97528e964aa42d9741a0e98065b685fe,18027,3563.6017,Network_registry,community,[40 26 41]
0xf10f44a8e5cf50ff65a98798bdea150b96c0e249,18026,3289.6671,Network_registry,community,[26 40]
0x0235db3d9de8f976044e67eb464b18b2f0fd4894,18025,2945.301041640575,Network_registry,community,[26]
0x8a4a86314e11f7854b9247c31279f36f44d2f180,18024,3958.6621,Network_registry,community,[40 26]
0x2be8991ec09f4d91cc4a18e30746ea6125c4b077,18023,3208.0718050630585,Network_registry,community,[39 35 29 34 26 41 40 32]
0x0b5a3054e7d7c25c23ee8b7fd7cba3d2660bc6a0,18022,8942.141407823814,Network_registry,community,[26 29 35 34]
0x50e4134d4e494c381bf5e6b28598310aa2c331b0,18021,22535.294639496253,Network_registry,community,[26 40]
0xb6d3f44d325c35e8434bf389efd9ee83b19ded54,18020,20062.25157092972,Network_registry,community,[35 26 36]
0x59512422af0709c7cab8285838975cd8d7c7ce7d,18019,3242.573619068033,Network_registry,community,[26 35]
0x5b9c3edc918ff1bf03c66f6912ce8b5fa0337fef,18015,3302.2545,Network_registry,community,[26]
0x0db7b02820b8826dadebe2b0a92ac279d95ccfdd,18014,3621.9557,Network_registry,community,[40 26 41]
0x3777c8a07368da99ff656858b7a4c73bb16c2059,18013,3270.6369,Network_registry,community,[26]
0x7c7565c70e3bc73912dbc85dc39b99cfee8bccce,18012,1000.51228144,Network_registry,community,[26]
0x00ed668a517ea10addc43fb90a935703d9634740,18010,3817.051,Network_registry,community,[26]
0x35e939c53b208ccec114c6b92f6d754b023dff4d,18009,19340.934729063734,Network_registry,community,[26 29]
0xfb832019df452f6c2fe081e79d8508acb8860c49,18008,3911.9663,Network_registry,community,[26]
0xe002692784bafbafe7cfaf6adb03b43850acc9ef,18007,9236.020882473567,Network_registry,community,[40 41 26]
0x77ea33c694c81ab3bd2097e4206e36321e17e1b8,18006,20353.76407833037,Network_registry,community,[26]
0x68bb5ac5c5d3f511a7b8f94f39f1f03a0bf8b60a,18005,3979.3298,Network_registry,community,[26]
0x1bc3b10b5a33bd650c04aa503b99dbe4fd76a71a,18004,3987.5783,Network_registry,community,[26]
0x3b5569a21010a908ea9acaccfa9a21db41292b43,18003,26456.969819590715,Network_registry,community,[26 40 40 29 32]
0xdf2c1baf5db34ddef5fd418ae0bcf6ba66992cdb,18001,1378.7509,Network_registry,community,[26]
0x50094bdb899e94ebc1e5a68c676e7b5921e8e2d0,18000,3841.1206,Network_registry,community,[40 26 37]
0xe99dc1864b1bea3efd8b87d5cec5b7b65ff23379,17998,28150.746334428444,Network_registry,community,[37 32 34 40 30 26 29]
0x557364ba5df09db866cb81578d14a91698296f7c,17997,12431.525978050937,Network_registry,community,[26]
0x299776620339ea8d5a4aaa2597fcf75481ada0af,17996,22139.7039,Network_registry,community,[26 41 34 40]
0xdc0b021c4bdf113140f969edcbeec11c442babf2,17995,3969.9598770526,Network_registry,community,[40 29 37 26 41]
0xcf13d0584d5e37e08a87a40f32d968ffb0f4a627,17994,4157.27782528392,Network_registry,community,[40 26 37 29 41]
0x5fc9bbd0478d413d3b126eddd54a32f01bd6c0eb,17993,11156.541654334756,Network_registry,community,[34 29 32 40 41 26]
0x154f4ab429f68c97c884c0f31b294430bf844f79,17991,4269.648194143765,Network_registry,community,[29 41 38 37 26 40]
0xdf632ea5ba8283488aae8538e17a2f802243a61a,17989,13675.099721939667,Network_registry,community,[41 37 40 26 29 34]
0xb8c4198868fb654bbd5dbb66b4a2dba265ebf7ce,17988,12076.1952,Network_registry,community,[32 26 38 41 40 37]
0x89432b273185bdf4aeaa8215434e0865c73b41b9,17987,41087.296985973546,Network_registry,community,[37 30 34 26 41 29 40 32]
0x82eee9d0de02248c490bd3d20d90613931b4c274,17986,4302.601672652,Network_registry,community,[37 40 37 41 38 34 26]
0xd3734d243891346a74c40ce8e59ff3f11bace587,17985,4847.6148204802475,Network_registry,community,[38 40 37 41 34 37 26]
0x5284554bb2ab75e7dac6d81abfb4666b1d485c49,17984,212151.5533,Network_registry,community,[37 29 34 36 40 26]
0x791575246a9c750913e59728cd39c1de9fe9fbab,17983,12057.874656696506,Network_registry,community,[40 34 41 38 33 37 37 26]
0xc6cda6a69ddc8200da1140546df8e830f5e7827e,17607,34350.65062293688,Network_registry,community,[42 26 41 40]
0xf772db956ffb322654b56839899c7f67125cf3f5,17605,4478.225502790129,Network_registry,community,[34 40 37 26 41]
0x93aecdbf7ef234d7a240974293a969e323c376c2,17604,3447.804022550988,Network_registry,community,[35 26]
0x5b45be5f76bc9eaf1ca4f9a9f9074442db2eba7c,17603,50952.02239490749,Network_registry,community,[26 37 34 36 35 40 32 29]
0xe963140020f05c01d1b19565597a659e03333a5d,17602,3993.354,Network_registry,community,[26]
0x235b0f497368f09df3b6db7f901c4cfc9e2c8d82,17601,4013.192723028388,Network_registry,community,[26]
0xb448b8ae08185de20d2777889f3e5989cb668157,17599,3588.9116,Network_registry,community,[26]
0x50b13b54c917171a03ceb8216f3990535fc18097,17597,4408.5265,Network_registry,community,[41 37 26]
0xb44e639dca7d7a0f0bce135599edaa9f1fbbbd6a,17595,28817.083925532737,Network_registry,community,[40 35 26 36]
0x4cb81b3ff2aa4dffe1ee513f5db3d451da01ed3f,17579,2283.793,Network_registry,community,[26]
0x55521edd8dd97d597ca5e6a2590e29eea205a8a8,17578,4796.8348,Network_registry,community,[41 37 26 40]
0x1538aa7a66116fb17e791ce223650a3be0d5368e,17577,5368.83940534229,Network_registry,community,[34 29 26 32 35]
0x9294de3a4c5ff2ab65e55e9f4f08d45ebcd0858f,17576,4715.0028,Network_registry,community,[26]
0x20fcc6a2fc315b4a54dda8cf55a86f7160313b01,17574,5104.572472154503,Network_registry,community,[26]
0x4e67b04b9cdd45f9a910be61f6b5dcf11e4626a8,17573,7239.84414668704,Network_registry,community,[26]
0xc0b82acf55d9d13b7429cd53cdab48fa00ae195f,17572,4890.5524,Network_registry,community,[26 41]
0xdd734d9ec8d8f66306416835eceebb358611f5f3,17571,5190.402,Network_registry,community,[26 41 40]
0x9f211f0d634182f73d218a36ad144c40546e6357,17570,4905.7069,Network_registry,community,[41 26]
0xfaa1209a63b2f333a13f0b39f24e5913ee0cb702,17569,17106.15352400806,Network_registry,community,[26 40 34 41 32 35 29 37]
0xea1b6b7e02d25574cba76c4c93a37f593990b8d8,17568,4006.2896,Network_registry,community,[26 37]
0x55e3bd4596ef24375359f7b4551a2df904101012,17567,23230.1144,Network_registry,community,[41 34 38 37 26]
0x4cf5db7f72766df7fa9495f5afb1e0b4a94c3978,17566,224969.74849209044,Network_registry,community,[37 38 41 40 26 29 32 34]
0xaf59a211b7222372368232635cb5ef8b9e78a74d,17564,5577.02224806549,Network_registry,community,[41 37 29 26 40]
0x3b5f199efdd46c53a767860ec438f406695e5799,17563,2038.1575329023367,Network_registry,community,[26 35]
0x47a5f74908ee92090bfa703a512a36a7e2635080,17562,5546.990993894832,Network_registry,community,[41 40 29 26 37]
0xfd6fa3b6c4b0861841702d6af2c75598900e2906,17561,5517.203,Network_registry,community,[29 40 26 37 41]
0x62c3852419a71d70ff05fdef83cddabde533b3e4,17559,19745.177699287313,Network_registry,community,[26]
0xa9b5da22440dedd72535ec0525582ca0b63be5e1,17557,5572.461933587167,Network_registry,community,[26 34 41]
0x2bca1582ce551d17101314fb199162c15f951506,17556,8207.118684158802,Network_registry,community,[34 35 26 41 32]
0xc996f06a1255066b1393988548897371ce747dac,17555,5621.7155999999995,Network_registry,community,[37 26 41 40]
0xc2552747697ad2eea67dd75e10f7933a62ceb64c,17554,5147.534072223426,Network_registry,community,[35 29 26]
0xbcd9fdc648f1134ba00d0d8070b77f296c94dc1e,17553,6800,Network_registry,community,[34 26]
0x94f69c258cd251bcb77dbb6156da13e32dcb8ef4,17552,62202.152200000004,Network_registry,community,[35 26 36]
0xeb9084e99f757c850325f6a83fc94842e6ba80e2,17551,5859.407780509552,Network_registry,community,[32 36 34 35 26 40]
0xd641f981dd58b5b50f9e09c7e801ba2d26338ac5,17550,3083.7223999999997,Network_registry,community,[26 41]
0xf7dc9a8f66701dcf91808f00d356249b351ef4cf,17545,30000,Network_registry,community,[36 35 26]
0x9803186b0dcd7833f1d24739c27e84063f7e891a,17544,6008.6914,Network_registry,community,[38 29 26]
0xd6a090e23033dd1f370fcfc2293c3c2c97b7fbce,17543,5560.9694,Network_registry,community,[26 29 34 40]
0x3d0bb03c7cbb0caf3b10dd152bea10afe2852181,17542,8937.757436867367,Network_registry,community,[26 35]
0xeb1f276fd47635a473bb1d2c8047c423da6f5116,17541,28788.164699999998,Network_registry,community,[26 40 35]
0x3c85828022aadb9f2f04788550f8130cc5241398,17540,2000,Network_registry,community,[29 26 32]
0x7b15a0a2bcb856c3bd5dcfa8798eb29d5852d74d,17539,2162.437821526216,Network_registry,community,[26 34]
0x0e544457812a698ff051b5fe1859df6836214bb1,17538,5552.2191,Network_registry,community,[26 29 34]
0x9822f6649e6c1e493b1b1494ddff0f5839f446d8,17537,5525.750999999999,Network_registry,community,[29 26 34]
0xaec80b4fbe227198720b1d1b82a12968baa0b144,17536,2002,Network_registry,community,[36 35 26]
0x9c2c3b36fbce13efb602750ef3403291824fa338,17535,23928.706887770044,Network_registry,community,[35 26 36]
0x3e98b3623592b52eb2ddcf36a4ce9a9d48df57ef,17534,32704.707954063568,Network_registry,community,[26 36 35]
0x93d3f77868d61391cbc9919bd926f524559d5e3f,17533,4898.8523,Network_registry,community,[41 26]
0xbfb9de8edea96a68832404910d548f58b9f998b1,17532,5906.324486972711,Network_registry,community,[34 37 38 26]
0x8e79ff45fd024a2ad350ae6d4e0afe12d92c129c,17512,5901.9144,Network_registry,community,[26]
0x0087ccce2b9714c097542223142e1466b774c366,17511,5576.1103,Network_registry,community,[34 40 26 29]
0xa8454b1bf7e2c988c054a1daec6ca81a88a16dc6,17510,2983.305,Network_registry,community,[26 41]
0x681099977c323282bb30be500139b0d9a4f8d9cb,17509,27936.966395800973,Network_registry,community,[29 26]
0xcddadecf7e6e9d6b89d907d94355c2ae233a21c6,17508,5665.752,Network_registry,community,[26]
0x8818cb8498096fcc2c7cfe397bf6964aef7d2754,17507,5774.5064999999995,Network_registry,community,[26]
0x6c8a70bae601e97f2c885f640d5c35b2a1e805e3,17506,30765.132273301166,Network_registry,community,[36 26 35 37 41]
0x4dd112241988fec1cb6f06db558cc852246bf8fa,17503,5552.9776,Network_registry,community,[34 26]
0x956290cae406bf01a4047035f1a8975eed11d1e4,17501,26267.27584696456,Network_registry,community,[26 29]
0xc307c55d8038265fb9337cfc4bf36b874289482b,17500,7071.283842600578,Network_registry,community,[26 35 29 40 32 34]
0x896aea93ae29147e810059c75390ef4bbbeebe29,17499,58194.81426861754,Network_registry,community,[34 36 26 35]
0xda615562970f622b1e174b335c9e3b2a96264b14,17498,5561.9943,Network_registry,community,[26 34 29]
0xca4fe3b7150f5e0dc77cf920f4d577e31e854552,17302,7205.790572053238,Network_registry,community,[29 32 26 40 35 34]
0xe0afffc4a79ed8b3fd341430ab73abe9abeb9db0,17301,24081.8966,Network_registry,community,[32 34 29 26 37 41 35 36 40]
0xa05193a2710bcd9ee95603aed82aab905cfdd209,17300,5829.918199999999,Network_registry,community,[26 41 40]
0x4ce7d126dcb606008a711b46c2d8df50d88e4244,17299,39206.7841314488,Network_registry,community,[35 36 26]
0x4b554240d58a9d75326f8031b7087903034e66fc,17298,5638.679596130468,Network_registry,community,[29 34 35 40 41 26]
0x97281d9da948509a271d84d11fbcf0377b130515,17297,7132.227355254734,Network_registry,community,[32 35 34 26 40 29]
0x83ae2b590e4c1702eb734437188ccb9800ff9cbe,17296,8236.327601143805,Network_registry,community,[35 32 29 34 40 26]
0xfc97910e9200189265d759d80f25c4f0c691330d,17295,6974.7107004368645,Network_registry,community,[34 29 35 32 40 26]
0x4e51921564883af00db50a177d8c609aa6ba81ff,17294,5674.504,Network_registry,community,[40 41 26]
0xe9bd415d5d543b5d4fe12ac2baa52cd9ca026f46,17292,21598.999999999996,Network_registry,community,[35 36 26]
0x517e6e444fb0e565cf07597e8fc692b2c05e8bda,17291,17798.912214197215,Network_registry,community,[26 36 35]
0xccebe8104a3aa1a440461f5f4f6c38fbdfb30802,17290,29106.276700000002,Network_registry,community,[40 26 29 35 34]
0x8f771a8e8ba888f2b06cc75747ee59fa9f7613e9,17289,29732.0715,Network_registry,community,[36 35 26 32]
0x3cefb79af1f4126dc679d52f5f7458a25ce74b42,17288,44833.6806746788,Network_registry,community,[35 34 40 41 36 26]
0x2c7ed5966fa687e84d6837ee2efb29d2430112f5,17287,168837.0852038523,Network_registry,community,[34 29 26 35 40 29 36 32]
0xce4d4bf74cf639d99c26803f6dbc0a8054329c16,17286,350712.7852062588,Network_registry,community,[34 26 35 32 33 29 34]
0x6ae40a6fd30b9e627a1314d2fadc4ed96d34dbd7,17285,13026.496319397325,Network_registry,community,[35 36 26]
0x1b21b2d0c32618226f9745340bcae30ae4b507f3,17284,19310.443070125246,Network_registry,community,[35 26 36]
0xf17a0f334d43e343347335b0fd673795617e9f1d,17283,22009.652789315085,Network_registry,community,[35 32 26 37 29 36]
0x9325eafe32eba5aa10787143ea5bc3438a7f6d2b,17282,21630,Network_registry,community,[26 34 36 35]
0x376c6968a2fcd86fe62c1bf26fea76beef7429fa,17281,5477.512199999999,Network_registry,community,[37 26 34]
0xfed242184ba67298d7c0e7c228da4512abcf5e94,17280,5907.148288921497,Network_registry,community,[26]
0xf057b8931aa30ccc85ab8df7aeae3115a175baed,17279,5907.6648000000005,Network_registry,community,[26 34 37 32 40 41]
0xe9137a9c82f569c6bc24b4f4dd705d63171c2610,17278,5455.131109765164,Network_registry,community,[29 36 34 26 40 35]
0x9c04c3186f5471c4e58db47ecfdeeda92c1e8cb2,17277,12028.453738416141,Network_registry,community,[36 35 26 32]
0x5190efc20e1ac0d4b5ece5f6e8d5529925557c90,17276,18323.818115848127,Network_registry,community,[36 30 35 32 29 40 37 41 34 26]
0x2b2ba7547fea61596f0124176d68b959c891cb38,17275,17777.682,Network_registry,community,[32 26 36 35 29 40]
0x26199b5dd7637d8ddd76fcfe31ec1eadee25e275,17274,26651.585879638653,Network_registry,community,[36 34 35 26]
0x2efd13e44e4e68d55b9730811fe04b949789cf69,17273,7507.552783058557,Network_registry,community,[34 35 36 26]
0xc6d15113e2fc44064e2ce8df7a5c38e01ad6bcd5,17272,5392.325411778845,Network_registry,community,[40 34 32 26 29]
0x55e86864dde83bdd7ef9f0d1f1765ebbec3a7934,17270,22383.41727507225,Network_registry,community,[36 26 35]
0x5cfc0af2db55938b879c5be94d0cd860ec2db029,17269,36944.69387254608,Network_registry,community,[29 35 26 36]
0xdf5fee5a0420b7b9c288b88e4efa133bf2af480a,17266,8164.717759265684,Network_registry,community,[36 40 26 34 35]
0xa5e1532162ca1948a5d6a1832fe6ceb8df323c30,17265,11113.3075,Network_registry,community,[40 35 36 34 26]
0x00a135cd2a91ee08dc6dfc314802b553ee6b1b6e,17263,2518.5751000000005,Network_registry,community,[26]
0x65a913d9988efd87dcb77e330c9ab47e7260d22c,17262,4824.336703,Network_registry,community,[26]
0xf2305ddac29a4478e08a04746d1c79f37f40592b,17261,5923.4503,Network_registry,community,[40 26]
0xc8a4dccd4257645a6c04a05fa9a6aee26d7e808d,17260,6512.0073999999995,Network_registry,community,[26 40 34 32 35 29]
0xafd1798233fbcd623eea576a80d555fe9c501b45,17259,2221.8720508639108,Network_registry,community,[26 36 34 29 35]
0x6bec0bca2f15876f675f2c38958ff986551e4db1,17208,20387.5789,Network_registry,community,[41 26]
0xb2f7c0d4d65c484f4b03fc638134d9a3e7f6bab2,17207,6925.2688,Network_registry,community,[40 26]
0x04be52434eb64addf373137310551ac42013677c,17206,19416.403518831376,Network_registry,community,[26 34 36 29 40 35]
0x0705b3f95211b829afec43e3dd3bb8bd4aceca20,17205,42631.24930539812,Network_registry,community,[34 26 35 41 29 37 40 36]
0xca2dead8b1eee1b6809169a982eef01abce24078,17204,2564.2436380474537,Network_registry,community,[34 37 29 32 35 36 40 26]
0xeb87ac7918879abb2857503d3168101d785792aa,17203,7085.24761909,Network_registry,community,[26 35 37 41]
0x7598515a12966a3a64859f567d78de4c403025ef,17202,286188.6290069505,Network_registry,community,[40 32 38 34 26 37]
0x3b8e502c1cf7027560f318fd21066d3ca49f52f5,17201,8815.5739,Network_registry,community,[36 35 34 40 26]
0x85d1b4aced9027d8e714874ce4cd9017e3bb1c32,17200,5476.8907,Network_registry,community,[26 36]
0xf318a2f77816c166181597e53ec95773c7d70262,17199,20000,Network_registry,community,[36 26 29 32 35]
0xb23f8768f3a6a0d8b6e67d037213f9a19130e273,17198,8265.05342975228,Network_registry,community,[35 26]
0x9f5aa14327fb4b61f6f7f1b205501fd1a66bc183,17196,29355.945016563495,Network_registry,community,[32 34 36 35 29 26]
0x852926150de3854d61319021bd88f239c1cc4c38,17195,5964.8344,Network_registry,community,[26]
0x3f80528837e792b23777977fa3aa7ad8a3eab4e7,17194,26940.851771595044,Network_registry,community,[29 34 40 26 36 35]
0xa44dd0cf1de1c461fde0b7b92c374789b59784c9,17191,96615.67253598367,Network_registry,community,[29 35 36 26 34]
0x9583ca25ec7770b1d575d0c4c76b79ce257e6645,17190,6459.0198,Network_registry,community,[26]
0x708d15d6b33b588a38fc9a822ea52b4a4c0f2894,17189,6495.4109,Network_registry,community,[34 35 40 29 32 36 26]
0x81fa725f8cebd030939ab8b649507f733101ae95,17186,5356.678278733066,Network_registry,community,[26 36 32 35 29 34 40]
0xa603da977f4da790d8f3d0ff42db79cacc6f6960,17185,13930.660911290339,Network_registry,community,[36 30 40 34 26 41 35 32 29]
0xaca3365a1a6dba0839b3b56219cf250ebb9f32f1,17184,5750.6097,Network_registry,community,[29 26 34]
0x31500ba0c44f5da8ec9a9a58cc6e075ac9582d6c,17183,538801.2062790571,Network_registry,community,[34 26 35 36 40]
0xe88a44fc76d9ce87f394b0c43c0679d4f7a7ae32,17182,3045.084960243389,Network_registry,community,[26]
0x1f1adce71f9776cfbfdda7e87500b7c5ffac4ade,17181,73962.55258170424,Network_registry,community,[26 36 34 35 40 29 32]
0xbbbffd989e9c06cd0808ba1be8cbc2ca1b160f8b,17180,255580.38054039484,Network_registry,community,[41 29 34 40 37 38 32 26]
0xae60a8cbc37cfde7ae14047c95bdca81aa159ae0,17179,112743.98419999999,Network_registry,community,[26 32 29 40 37 30 34 41]
0x4186c746d04cb987b795822d50ba6713851d1d2d,16301,46056.0765,Network_registry,community,[26]
0x1b99eac6e12c0080151a897c36ebba0bc7f9e954,16300,141060.0068190566,Network_registry,community,[40 34 26 29]
0x687670e9c58526d673aa22d6ab355d952819afdf,16299,10522.135199999999,Network_registry,community,[26 32 34 40 29]
0x9ccb89c59e0040fe96814d02832ed6533cbada55,16298,12149.421930653245,Network_registry,community,[29 26 34 32 40]
0xe4c5e7ea3d8da7607a50d74c11b0d318a2ac9af8,16297,5839.888599999999,Network_registry,community,[26 41 30 37 38 34 40]
0x7a9e4922b7acffa59a69da6b2475ac5cb85925fd,16296,5512.424595445021,Network_registry,community,[32 34 26 40]
0xfb2165f4abeed496b4edd3234c4cc09f1557226e,16295,24737.266960674002,Network_registry,community,[26]
0x4557144f54bc5d129a875a532c21db18481900ee,16294,134462.98449015772,Network_registry,community,[26]
0x0c183b19cf8a07bb4319729150b0b3b4841c0866,16293,5142.494248295085,Network_registry,community,[30 29 34 32 40 26]
0x6af6d4c57b3d48d614ecc52f6c25242783dec71a,16292,17226.116133262065,Network_registry,community,[26 29 40 34 41]
0x63eb17f24fdf1a9e286831fe21acf72c975e88fe,16291,26578.891600088147,Network_registry,community,[26 34]
0x9c0e24263739aca4b90273121ca5bd047dffe266,16290,9539.315922937265,Network_registry,community,[37 34 29 38 40 41 32 26]
0x811df83148fa178c1fa9f80b9f07e1dda5a9c191,16289,9893.307391474238,Network_registry,community,[29 37 26 40 34]
0x0057bd83a142da84b6404616c683e21e7dd6fa5f,16288,7856.5039,Network_registry,community,[34 40 26]
0x9b6f20e0ea7a409a31e3595210c4ccbcefa95fe5,16177,2301.7775302925033,Network_registry,community,[30 26 29]
0x8112835513d9ed158fb0b8971b203326375d0b9f,16175,248965.5196204843,Network_registry,community,[38 41 34 26 32 37 29 40 33]
0xa982c753384533ab0fe96010d80ee0daabee8155,16174,250944.156693092,Network_registry,community,[38 32 33 41 30 37 29 26 40 34]
0xc402539d643f1ca0920ded01bb864325f49dd025,16173,251301.67933460142,Network_registry,community,[34 33 32 38 41 29 26 40 37]
0xfcd178d3614f131c5bd20cda00c9bf792d458760,16172,5907.965501248372,Network_registry,community,[33 32 26]
0x8e6f318fc1476a9f7f536ba65be9d84e0bc5fdd5,16170,250976.75579999998,Network_registry,community,[29 38 32 30 41 40 26 33 34 37]
0x6d6ed67479d02d63a4a0f111a6d76ff93bb2d23d,16169,25984.57055232358,Network_registry,community,[32 26 29 34 33 40]
0xa24db1dc8ce36c960bc4517d4b1eb3f3e7c10fff,16168,28951.2888,Network_registry,community,[34 29 32 26 33]
0xfe5d05fc007b3c1766aa0fddda4a908a1695558d,16167,4351.167530545147,Network_registry,community,[26 34]
0xd973b5ad311d8d84d90166b17335cacac1263bab,16166,41626.24863747675,Network_registry,community,[40 37 29 34 26 33]
0x6c1feca12c7f4ee37346789ee5f2b51966e1dc14,16164,31352.511483063514,Network_registry,community,[32 29 33 26 37]
0x95f3dadaa5c781de9aa453830d4e689d57937f82,16163,6376.008580710054,Network_registry,community,[33 40 26]
0x7f523130ff0f9973f3abae3f83458df117f7b8e2,16129,9036.166184065572,Network_registry,community,[26 37]
0xc1c47c47c0cb4e6e4e6cba1de405fe8b06b8e564,16128,6884.948576519289,Network_registry,community,[33 26]
0x765ce21d34164b4ef7b362c3835f60a711b5f554,16127,64672.80210960248,Network_registry,community,[32 26 33 29]
0xbd0ec71b9ada90ac6c1428cafd45fe2fca367665,16126,105340.55197750771,Network_registry,community,[33 40 34 37 37 41 26]
0x726d07ea7b1983f35055bb288af78e7480bd1242,16125,34849.673,Network_registry,community,[32 26 33 40 34]
0xb3d3c522a44a39dadf9cbd649cb5f3d85b63f691,16123,27982.462808615455,Network_registry,community,[33 26]
0xf331f8cbcd9100292258d2a1986a4a2e7435e453,16122,35902.4188,Network_registry,community,[29 26 34 33]
0x3785f0272f5e19dd2c27977ec2d91195bb2af801,16121,38265.6583,Network_registry,community,[37 29 34 40 26 41]
0x7ede146c45c3d0b222436e6c150b848d70c7722a,16119,6844.1488,Network_registry,community,[33 26]
0x32ed0c6b445a0e5c413dc583106583e19ee39dbb,16118,56389.24120513185,Network_registry,community,[26 33]
0x8a1cfc56923a2e02b9feec98a3a4f9f6e3cead6b,16117,36345.766,Network_registry,community,[29 26 41 40 33 34 32]
0x108c07764a22dfcffd08f0eb1a74e12f57002809,16116,23666.0679,Network_registry,community,[29 32 40 34 33 26]
0x83f62a5b0fdd00ac4a73be13b61bde29551e7175,16115,6868.6754,Network_registry,community,[40 33 29 26 34 37]
0x1f5deee62c65577802e3b15c3f2e523b2b772458,16114,10159.997909112617,Network_registry,community,[33 26]
0x263a13fbe5416661d8ff67c5d98624d1553900ae,16113,252929.3938,Network_registry,community,[40 34 37 33 29 26]
0x13b0d26d0703cd7a13a52e4bfb90a48887e559a6,16112,11707.447674876521,Network_registry,community,[29 32 37 33 26]
0x5055deface85f86112e31a2b9694e1f0e9e23961,16111,40812.04413034639,Network_registry,community,[33 32 26 34 40 29]
0xa5befbd848654b0bfb8e67c1e48a8df72a4c1acf,16109,9275.488981179742,Network_registry,community,[33 26]
0xcb981aa14f4de0c6c301207676acbbe886ca4875,16108,7693.9939,Network_registry,community,[26 29 32]
0x6c00522bd7f6253cd002c02a6bee95c8c775da45,16107,5976.101299103286,Network_registry,community,[29 37 37 34 38 26]
0x18a428ce0c31584a21cf8cefdb8849d8013e1994,16106,3967.6937553184516,Network_registry,community,[26 40 34 29]
0x3bc78c5fb49f5a50aed564dabea2512b0fad37e6,16105,14815.7203,Network_registry,community,[33 26 34 40 41 37]
0x12ee827ae3b9390560eec8d6ac1685d8df99faf4,16104,253678.07789999997,Network_registry,community,[33 26]
0xeebd9767331e9b007790c8796a7bbba5b96e0ecd,16103,252457.3742,Network_registry,community,[40 31 41 35 37 33 36 40 32 26 34 30 37 39 38 29]
0x940f9af7abfa60edaf2ed64e9096f186f465a36c,16102,5766.257751794186,Network_registry,community,[26]
0xb3bd192d80fa4f40a1d851e81c9cf196a3a7d632,16101,73644.6174,Network_registry,community,[29 26 33 34 32]
0xc8809852d5db68b34114b965b32bb1598cc6244e,16099,226580.26277886782,Network_registry,community,[40 30 29 26 33 32 34]
0x2218ae6369f45442863e3152bdc5cae5cab99127,16098,1947.9901507788975,Network_registry,community,[26]
0xcbf935ec0827ca8c096e52edba7b1879f77c78e2,16097,250988.2557097594,Network_registry,community,[33 26 29 38 30 41 37 39 34 37 32 31 40]
0xfc03ef8ad764bb39d8eb9f3e06bdf948985cd447,15882,5514.2764,Network_registry,community,[40 41 37 38 37 34 26]
0x56fe8b8f9880ffc399f4bd8542d9600390f87fa0,15881,20548.75317179074,Network_registry,community,[26 29 33 40 37 34 41 32]
0x56ade75750b3b0f7629e77869b178e2edd360f29,15879,12446.555441692068,Network_registry,community,[33 29 26 34]
0x930dab128ee82c5eadac116bd1a7f0618110aadb,15877,14263.5311,Network_registry,community,[33 40 29 26 37]
0x034e1f7a66b582b68e511b325ed0ccb71bb4bc12,15876,29858.830607487907,Network_registry,community,[34 37 32 29 26 33 30 40 41]
0x73018f39c3b9652601ea12bd7f42f3f921198c4a,15875,10961.3266,Network_registry,community,[33 26]
0xb346d2e0685ebac08ed05ce998622fb523da3245,15874,21562.61112614533,Network_registry,community,[33 26]
0x1b0eace6509cfe9d3a936ae0d6ed2584b4f034e1,15871,250909.1014183787,Network_registry,community,[34 32 29 38 40 37 33 26]
0x1c0ec596303ce6666f5a4d24c29e78cf881cb5d3,15870,5263.3802000000005,Network_registry,community,[37 41 26]
0x3e3f22da9a50d22694c452c5ec39b907524373b8,15869,12946.083420381714,Network_registry,community,[32 26 29 33]
0x5e0936b2d7f151d02813aace33e545b970d9c634,15868,6613.422724456011,Network_registry,community,[33 26]
0x0391e51993c52c76dd7da2e70cb2d5af18364f70,15867,251002.2483,Network_registry,community,[32 38 39 26 33 40 37 29 34 41]
0x28beb6fd342f7f41c0ebe086f78e43468c7a25c1,15866,5000,Network_registry,community,[29 37 26 34 33]
0x8c30d114b6ba0b1eacd516aec4f13341d703e5db,15707,6496.4191167086,Network_registry,community,[33 31 26]
0x72b3daf411912561836dea10e2efebd6f81ec209,15706,38517.1712,Network_registry,community,[37 26 33 40 41 32]
0x45e89079fa328095804e37f9cccec43780326c3b,15705,148205.23538319892,Network_registry,community,[41 34 30 33 37 40 29 38 30 37 26 31 32]
0x6b73f2b5ddf22a3e190893bbd83e2f0a882a7dac,15704,8062.79287868082,Network_registry,community,[40 26]
0xc4cbf8f4c59570450df297cedd3963b7e1f60652,15703,31383.25733206085,Network_registry,community,[33 26 31]
0x151a64570e4997739458455ba4ab5a535fd2e306,15702,3290.4515199999996,Network_registry,community,[33 26]
0x0e7d12cd0b9d51e79bfcdd72c35f3dffae5abd67,15701,5462.0304,Network_registry,community,[26]
0x1f2b6dcff8b9c35ea8b4daed42a7772ec1014276,15700,9500.596350450825,Network_registry,community,[26]
0xe76a6619581dd7122bc127a6f018ba035b182aaa,15699,20669.23779803784,Network_registry,community,[40 32 33 34 31 29 26]
0x8b9470b0c7453544de3d464936153368bbe5ef03,15698,37264.133891191246,Network_registry,community,[40 29 41 33 31 42 26 32]
0xcf43e9a2f9ed4810de89ae08d88445d8ccf63ab1,15696,13087.0944,Network_registry,community,[40 26]
0x407f9e8c06371b9f2b2faa4f98c233253d817308,15695,35197.41866068835,Network_registry,community,[41 40 34 26 32 33 31 29 37]
0xe000adb6f47c7461694bcb69bf51bab8087d819d,15694,39042.249133489364,Network_registry,community,[40 33 26 31 29]
0xe1da425d1880d3243f9dfd3c9c2c3f09e73acd6d,15693,33351.56782130517,Network_registry,community,[31 33 40 29 32 41 26 34]
0xef98bf64596c79b068f0d44e9bbf1e5aff374cd8,15692,9145.601581858074,Network_registry,community,[32 29 31 33 26]
0xd944633d12e0ecf7e88d6b6248bc192d2e24226d,15691,42097.22160954491,Network_registry,community,[33 37 31 34 26 29 32 41]
0x5b9f0eef7bfbd54ba21cd7409bbdfef12136421a,15690,44522.378038961404,Network_registry,community,[31 26 34 33 29]
0x77f7f8c188b3590ffa6426536b199fd84416d667,15689,19615.426858669598,Network_registry,community,[33 34 26 32 29]
0x93afdfd6b4fa0e40d1b58af74ddb794b4504455c,15688,4301.9752303746745,Network_registry,community,[26 33 31]
0x4496c474a0768384841ebc0aae87beaeab7261a6,15687,8094.921625472366,Network_registry,community,[33 31 26 29 34]
0x639fad44e324329a726cc1845a4b7f3ab2ac1dab,15686,38330.55241722253,Network_registry,community,[34 29 40 33 41 26 31 32]
0x03f182ec7474877ec8d830a5fcb804fd132755c1,15685,5472.6295,Network_registry,community,[26]
0x0aead38a4f99f8dae8944d31eb703b6c7cec4381,15684,20396.121880659914,Network_registry,community,[37 31 26 33]
0x2e5b27a6ee216c90f6f42bfeadd7cd25888e5be3,15679,151940.3783783272,Network_registry,community,[26 29]
0xba540bb14101cbd4170df90408c0b9ec6c86273c,15678,30905.965414557664,Network_registry,community,[41 26 33 29 31]
0x86df6fb7d87cad5683a4b148f1e5afa6cb4633ed,15677,75855.19572635091,Network_registry,community,[26 32 40 34 29 37 33 31]
0x91ba7d1cb45cb17ddd5526253a0c791e3d413bc5,15676,103230.0469,Network_registry,community,[26 30 39 41 38 29 40 34 33 37 32]
0x129fded8e1e03b0b87b8da98037fb2dff30e3b35,15675,12287.002770184383,Network_registry,community,[33 41 29 35 26 36 26]
0x39b73a7a43fe0206ad9f30f17329af0941943a81,15674,5841.0196000000005,Network_registry,community,[26]
0xe222e11129a5fefdebcc0572a10a6deacc35e6c0,15673,16018.9486,Network_registry,community,[40 34 41 29 32 31 26 37 33]
0x9ba4f1cafa6a7411d97d914d011f62c35d515bde,15667,250909.5890363907,Network_registry,community,[37 34 26 40 29 41 32 33 38]
0x329f4435e0f22899b733756c71aa12c1004146b1,15666,59795.2545,Network_registry,community,[32 31 29 40 37 26 34 33]
0xddcda6f159dad453eefcca50fe5a5d0a03f1f34f,15665,250852.81273026203,Network_registry,community,[37 40 29 26 38 41 32 33 34]
0x8a3d90ed6f6ce2fdcc12e5b0adbf73b265364131,15664,9681.1977,Network_registry,community,[32 33 26 29 30 30]
0x2963361148a692b61d98271abc440dd0efcaa1cf,15663,25599.031721208,Network_registry,community,[30 31 33 26 32 29]
0xbd1ea07bcc208715e099588add684ed78f3ff3ed,15662,9149.7848,Network_registry,community,[37 29 34 31 33 32 26 40]
0x8d339490827b323295da0a003096e18b0dd99a2f,15661,6207.1876,Network_registry,community,[26 33 29 34]
0xc1196c46559203fe1e3ffe05009fde59795a6385,15659,70161.72624128942,Network_registry,community,[40 41 34 26 32 31 33 29 37]
0xd97beffdf558b269257feba5df111ab718b71e24,15299,110803.5461813395,Network_registry,community,[29 26 34 33 31]
0x26260b28ce15a5aae6c61283693f6c677db05953,15298,42935.568969047796,Network_registry,community,[40 32 42 33 26 31]
0xff78bad7f3fefbf552a2978e1455d0126da9ba76,15297,166655.89295250326,Network_registry,community,[32 26 33 38 31 29 40 34 41]
0x5de853cb6813f9aefd25635776139d8c0aaaf77a,15296,176856.7756,Network_registry,community,[31 34 41 33 26]
0xe456ff3e321be2675a5aeb56b3623586254c3419,15295,8237.6733,Network_registry,community,[34 40 29 41 32 37 31 26]
0xf8375068f5ddab07033bf5410e1fcf6ef70955a0,15294,18773.172204245668,Network_registry,community,[26 33 31]
0xf3062faaa61cd4ee6e8705135a3bc6419cd766b2,15292,8855.2112,Network_registry,community,[33 31 38 34 29 32 37 26 40]
0x29a65d830516cca6e694be90d3de3cc19f620ea6,15291,37089.55879231944,Network_registry,community,[37 31 33 41 34 40 29 26 32]
0xbd4718edca87ebbbc9f501938b4a7bb6dd6f8b86,15290,23878.5115,Network_registry,community,[33 41 32 34 26 31 29 37 40]
0x8d79069a3642d044330f065e2688639c226c2289,15285,40087.86803333565,Network_registry,community,[40 26 33 31 34 42 29]
0x9254dc142566bbdefa0d44411d67cc47d3ce41bf,15284,310205.07303981605,Network_registry,community,[37 29 39 40 41 34 32 26 38 30]
0xb5ebf7fac6f40583261758a7347e8eaa41935524,15283,208080.9494,Network_registry,community,[29 26 41 40 31 34 37 33]
0xa1bc9f613297fe6201da0ffe5bf7f086a51cc365,15282,237843.0919901115,Network_registry,community,[31 33 40 41 34 29 26 32]
0xc96b54890f172986f8edc7aec6e8c09a53760526,15281,252285.73463280735,Network_registry,community,[34 41 29 31 33 26 37 32 40]
0xa810c5e03af66dd15fa647e206faa0d4fff74856,15280,10267.564929053102,Network_registry,community,[33 26 31]
0xe729e82c62ba98ee226dbf680803cfb4189dbe30,15279,5349.475777745761,Network_registry,community,[34 40 29 26]
0x219d4eb4b62972862a6b38d130427aa92eae1a69,15278,41875.90398063313,Network_registry,community,[34 40 33 32 29 26 31 41]
0xff79ad62d19066e43b99eed19f94e11b0e0b5688,15277,45643.5879,Network_registry,community,[29 41 26 34 37 38 33 32 40 31]
0x27643f4e2b35a18bcd55252e88f13039f4f81927,15276,165447.18978209796,Network_registry,community,[29 32 40 26 33 41 31 34]
0x053e1be1151630ef9a54e0bcb7f5ccd1503d5725,15267,23961.985625211717,Network_registry,community,[34 32 26 33 31 42 29 41 40]
0x6fb3071447c444e51f7b282a76f06f811e21d3ec,15266,25337.45560078072,Network_registry,community,[41 31 32 34 42 33 29 40 26]
0x36db7df1d5a563d6e707ffc976b46dd4872a8bf0,15265,15204.41432965317,Network_registry,community,[33 26 31]
0x616c9f0aaa13d3587b9fe6f513df62522f7d900c,15264,123432.76495055945,Network_registry,community,[37 29 40 26 32 35 31 33 34 41]
0x253a1dc6bbad8a62a8e8f7b21214fea2b78cb77e,15263,168062.82086522735,Network_registry,community,[29 40 41 37 32 33 31 34 26]
0x1ac5d648599b9767b1a1bd13eb8bf082b4c157c2,15262,252359.53689999998,Network_registry,community,[31 36 27 26 41 32 42 30 33 38 34 40 39 35 37 29]
0xe922399aaf629dea63987f2157b0ca7c44f4de90,15261,16863.465066855963,Network_registry,community,[31 33 26 29]
0xe0e03ba22e14776dc972a50e6cca5ceedb3b972c,15260,253542.0667,Network_registry,community,[31 29 34 40 26 37 33 41]
0xb90440ee1fac3172a630470f4adcb99d0fee936d,15258,52063.46106140916,Network_registry,community,[31 29 33 26 40 34 37 41 32]
0x849d046dfb65e7bd680f5022613c1c8ae9a52367,15257,5981.421200000001,Network_registry,community,[41 34 29 40 26]
0xefc05b0d0c8be8d4cb3a220ef582e9f7e6fbcd00,15256,246671.9650228744,Network_registry,community,[34 31 33 41 29 38 26 40 32 37]
0x138732bd8109847f5cb02541ecb17d24b1e9ff6e,15254,48499.78106248835,Network_registry,community,[41 29 34 26 31 33 40]
0xd24c941f5edbe451395544658c0df6df056c6ad0,15253,253249.0083,Network_registry,community,[41 31 34 30 29 26 38 40 33 32 37]
0x90b7903f465600923ce2a18c0aa222ba79784b6a,15252,24999.999999999996,Network_registry,community,[34 29 26]
0x0de156cb2202c682b41d3fbe8b785238ecf3f647,15251,150895.9117269514,Network_registry,community,[39 27 32 30 37 29 33 38 40 26 31 34]
0x0494f503912c101bfd76b88e4f5d8a33de284d1a,15250,5233.0988822806385,Network_registry,community,[31 26 33]
0x2b7d141a63ebab9ee78dfb312874859933033895,15249,71523.15496718543,Network_registry,community,[34 31 26 29 33]
0x70e7f221951441b5fbb5b633927790be4528ac08,15248,84976.70999999999,Network_registry,community,[29 26 41 39 31 40 33 34 36 35 32 38 37]
0x18376a0e6f2975013d2866407ea4f4e2ff01b510,15247,6730.5868,Network_registry,community,[29 33 32 34 31 26 40]
0x9a1e402d39cb2d49cf23e6767c6458126ea24631,15246,102911.2514,Network_registry,community,[31 26 37 29 33]
0x9062a96b9e947b2b57283e705c97b871f5eb6561,15202,17696.8368,Network_registry,community,[31 40 37 27 33 29 26]
0xc8c3e484ddf92069eb3226df266c2c262902d835,15201,73132.15359459857,Network_registry,community,[26 33 32 27 38 41 42 37 31 40 37 34 29]
0x0c1633e0ba164a9def56d86d7c46afcbe4d28a77,15200,81864.1361,Network_registry,community,[41 40 30 42 26 34 33 31 32 29]
0xf89be918c3d9989dd1e454bd21e1fc3afb7e6eeb,15199,114603.9175,Network_registry,community,[37 29 38 27 31 28 26 37 33 41 32 34 40 30]
0x9f24aa4adc816066d71f0d7362f89c6590dd8e93,15198,247615.6149,Network_registry,community,[29 35 28 33 26 36 40 41 38 37 39 31 32 27 34]
0x542af4dda22ae22bae41ea32fafcfb6af00d8ac5,15197,252148.9064,Network_registry,community,[26 32 42 41 31 34 29 40 27 33]
0x38fbc817bc7921a5a85dab1c6a5a4ca454d68c21,15196,251463.61499427457,Network_registry,community,[40 38 34 37 32 26 33 41 29]
0x087222685448c978cf5e231b835909d1a3e6d7c3,15195,253001.5002,Network_registry,community,[36 41 30 29 37 34 26 35 39 40 38 32 33]
0x4d8bd62c7cb6769795410c5d1209cc09bfe16c60,15194,51323.0614628133,Network_registry,community,[32 33 34 28 29 42 27 31 40 26]
0xbe5c1048002e7cfa5d06acd4f19c209347b6a0d5,15193,253264.5661,Network_registry,community,[34 31 37 41 33 26 40 29 27]
0xeebcfef507d6109d87689811f5d85d89d30cae76,15192,38442.67400883505,Network_registry,community,[28 27 33 32 34 29 31 26 40]
0x5af27e3663c17e1b641d2698a1270a1fc7a20c59,15191,8360.873400425513,Network_registry,community,[32 41 40 28 37 26 34 31 33 27 29 30]
0xb996f5f0be1dc903d39f0256df7a47d59edd5e2f,15190,10865.000402641832,Network_registry,community,[27 34 26 40 42 32 29 31 33]
0x4326990033ecd87a5444383cf8c715e696301910,15189,253550.4433,Network_registry,community,[29 37 32 26 38 33 27 36 30 39 41 35 34 40 31]
0x5fe9a92531fe648666551a6cbae2a7b817249c52,15188,79152.75413875557,Network_registry,community,[27 39 30 26 29 40 34 37 32 31 33 41]
0x6e2a2acc7253d38e0891f439a9815bed3771e305,15187,168987.31160000002,Network_registry,community,[29 40 41 38 37 34 26 32 27 30 33 31 37]
0x3f4d0a6654c8365b42dcaa8aa92d9034e2a6141f,15186,203848.055,Network_registry,community,[33 36 26 38 30 35 29 41 27 40 32 34 37 31]
0xde5701c91e479888878f9aebf1decc0b10d88cb5,15185,107013.67371905466,Network_registry,community,[34 40 32 29 30 37 26]
0xbc0a24a17caed0dbca77e564159c188c7aaacab7,15183,124805.2036794635,Network_registry,community,[29 40 31 37 41 32 33 42 38 27 26]
0x4abe0903ee68883e693293037973f5926827eb03,15182,128085.23499175356,Network_registry,community,[37 42 26 41 29 34 33 40 32 31 27]
0xde6f17794861e1e13104285cd2dabfc478bfb679,15181,253676.9268,Network_registry,community,[27 38 41 29 37 33 34 32 40 26 31 42]
0x394c82976a57c4309138c072149ee57aea16560b,15180,15300.659467086121,Network_registry,community,[41 26 31 32 27 33 40 29]
0x65a7de07f2df7564421b3a942cb0699b357b91ce,15179,73481.79070196046,Network_registry,community,[26 33 37 40 31 27 29 34]
0xfbb86b509a1f6b8f94ed8a40b880ca4272c96506,15178,6248.3847,Network_registry,community,[32 28 33 30 26 29 34 27 40 31 41]
0xcb06551543a48e812d72e00bf88c4ef80a29208e,15177,248874.3379,Network_registry,community,[38 39 35 33 28 34 40 31 32 27 29 41 42 30 26 36 37]
0xe2f3c30b753f71bdbf1258d6e09fd3d2adf549db,15176,234484.6881,Network_registry,community,[33 38 30 34 37 35 32 39 26 29 40 31 41 27]
0xcfab25e01d4cc3d33432db5f22f7aeaa6c6c1579,15175,16361.429206787274,Network_registry,community,[30 26 40 27 34 33 37 41 31 32 28 29]
0xb5cbb2f3b5d3a72a88af6c3739579a18d5235755,15174,153469.24510515717,Network_registry,community,[26 29 41 32 34 38 40 31 33 27 30 37]
0x09e3c4bf50a15225d4087fe089282cb5506dcce6,15173,121488.00792178158,Network_registry,community,[31 29 42 37 40 27 32 33 34 26]
0x993192a774609176f59325e9c0afd0641917d0db,15171,62584.13438893166,Network_registry,community,[29 26 27 40 34 33 31]
0xfd3719bef669f5cebbda47b69e7814cf413e9517,15170,78135.58540071642,Network_registry,community,[29 34 27 31 40 33 32 26 41]
0xf3551c1d8ac61569e482abc05eefae4cccef32c1,15169,130628.98256018563,Network_registry,community,[37 27 31 34 26 32 40 33 29 38]
0xfea310e868466201e881866e75232e1bc2b86e0c,15167,55897.156601397524,Network_registry,community,[37 34 26 27 33 29 41 40 31]
0x6629db6b40057e29d0593d895a350df94dc1e99a,15166,73058.36150279327,Network_registry,community,[37 41 27 31 34 37 40 38 26 32 42 33 29 30]
0x05c9f9ea62c3c69ddf7221446d7dbf4e04b0c408,15165,134370.21230843707,Network_registry,community,[32 40 41 26 27 31 33 37 38 34 29]
0xd8b00122b6cc0d44fb3198fb675635272d516b7f,15164,253946.3695,Network_registry,community,[32 34 28 37 26 29 41 40 31 27 33]
0xb39d022edf05c31e1981f4f4d8137dda9c57cfae,15163,52304.421494068825,Network_registry,community,[33 26 37 29 27 34 31]
0xf84b9e57628da8a8167c0f84c266f70ec0863510,15162,50776.87228230502,Network_registry,community,[28 31 38 33 34 37 27 29 32 26 40 41 30]
0xbe8c93a8c18af63aab449994afac13e71240ccc4,15161,161853.53173227303,Network_registry,community,[37 29 27 40 38 40 36 34 33 41 30 32 31 39 35 26]
0x5bffcd8f4809e29bcace4c9c21e0c3b6963ecec1,15160,295790.0458184778,Network_registry,community,[34 40 33 26 31 30 32 37 42 27 29]
0x42f7061ee77094e31f5ac69e6f76d8054bb7495f,15159,232204.3943,Network_registry,community,[26 32 28 41 33 27 40 29 30 34 31]
0x7d3a7ad44bfcfc0962709ece4c149128717906b8,15158,253751.9279,Network_registry,community,[27 40 30 38 32 42 33 31 37 29 26 34]
0xe4efbf0cbd5222f0c8d822eff26bbe90f63b9eae,15157,252865.81900000002,Network_registry,community,[28 32 30 40 29 41 42 27 37 33 34 26 31]
0x56d53a4402a7b8f4ad027cfb421ff60e865f665b,15156,196993.57509667426,Network_registry,community,[39 41 35 30 27 26 37 34 38 33 31 32 40 36 29 42]
